"#","Reference","Qty","Value","Footprint","DNP"
"1","C1, C2","2","0.1uF","Capacitor_SMD:CP_Elec_3x5.3",""
"2","C3","1","100pF","Capacitor_SMD:CP_Elec_3x5.3",""
"3","C4, C6","2","0.01uF","Capacitor_SMD:C_0201_0603Metric",""
"4","C5","1","0.1uF","Capacitor_SMD:C_0201_0603Metric",""
"5","R1","1","15k","Resistor_SMD:R_0201_0603Metric",""
"6","R2","1","1.8k","Resistor_SMD:R_0201_0603Metric",""
"7","U1","1","LM555xN","Package_DIP:DIP-8_W7.62mm",""
"8","U2, U3","2","74LS93","Package_DIP:DIP-14_W7.62mm",""
"9","U4","1","L7805","Package_TO_SOT_THT:TO-220-3_Horizontal_TabDown",""
